Subject Label,3D View,Control Bar,Recorded Data
0,"webgl-container, 0","div, 0","rec, "
1,"webgl-container, 1","div, 1","rec, "
2,"webgl-container, 2","div, 2","rec, "
3,"webgl-container, 3","div, 3","rec, "
4,"webgl-container, 4","div, 4","rec, "
5,"webgl-container, 5","div, 5","rec, "
6,"webgl-container, 6","div, 6","rec, "
7,"webgl-container, 7","div, 7","rec, "
8,"webgl-container, 8","div, 8","rec, "
9,"webgl-container, 9","div, 9","rec, "
10,"webgl-container, 10","div, 10","rec, "
11,"webgl-container, 11","div, 11","rec, "
12,"webgl-container, 12","div, 12","rec, "
13,"webgl-container, 13","div, 13","rec, "
14,"webgl-container, 14","div, 14","rec, "
15,"webgl-container, 15","div, 15","rec, "
16,"webgl-container, 16","div, 16","rec, "
17,"webgl-container, 17","div, 17","rec, "
18,"webgl-container, 18","div, 18","rec, "
19,"webgl-container, 19","div, 19","rec, "
20,"webgl-container, 20","div, 20","rec, "
21,"webgl-container, 21","div, 21","rec, "
22,"webgl-container, 22","div, 22","rec, "
23,"webgl-container, 23","div, 23","rec, "
24,"webgl-container, 24","div, 24","rec, "
25,"webgl-container, 25","div, 25","rec, "
26,"webgl-container, 26","div, 26","rec, "
27,"webgl-container, 27","div, 27","rec, "
28,"webgl-container, 28","div, 28","rec, "
29,"webgl-container, 29","div, 29","rec, "
30,"webgl-container, 30","div, 30","rec, "
31,"webgl-container, 31","div, 31","rec, "
32,"webgl-container, 32","div, 32","rec, "
33,"webgl-container, 33","div, 33","rec, "
34,"webgl-container, 34","div, 34","rec, "
35,"webgl-container, 35","div, 35","rec, "
36,"webgl-container, 36","div, 36","rec, "
37,"webgl-container, 37","div, 37","rec, "
38,"webgl-container, 38","div, 38","rec, "
39,"webgl-container, 39","div, 39","rec, "
40,"webgl-container, 40","div, 40","rec, "
41,"webgl-container, 41","div, 41","rec, "
42,"webgl-container, 42","div, 42","rec, "
43,"webgl-container, 43","div, 43","rec, "
44,"webgl-container, 44","div, 44","rec, "
45,"webgl-container, 45","div, 45","rec, "
46,"webgl-container, 46","div, 46","rec, "
47,"webgl-container, 47","div, 47","rec, "
48,"webgl-container, 48","div, 48","rec, "
49,"webgl-container, 49","div, 49","rec, "
50,"webgl-container, 50","div, 50","rec, "
51,"webgl-container, 51","div, 51","rec, "
52,"webgl-container, 52","div, 52","rec, "
53,"webgl-container, 53","div, 53","rec, "
54,"webgl-container, 54","div, 54","rec, "
55,"webgl-container, 55","div, 55","rec, "
56,"webgl-container, 56","div, 56","rec, "
57,"webgl-container, 57","div, 57","rec, "
58,"webgl-container, 58","div, 58","rec, "
59,"webgl-container, 59","div, 59","rec, "
60,"webgl-container, 60","div, 60","rec, "
61,"webgl-container, 61","div, 61","rec, "
62,"webgl-container, 62","div, 62","rec, "
63,"webgl-container, 63","div, 63","rec, "
64,"webgl-container, 64","div, 64","rec, "
65,"webgl-container, 65","div, 65","rec, "
66,"webgl-container, 66","div, 66","rec, "
67,"webgl-container, 67","div, 67","rec, "
68,"webgl-container, 68","div, 68","rec, "
69,"webgl-container, 69","div, 69","rec, "
70,"webgl-container, 70","div, 70","rec, "
71,"webgl-container, 71","div, 71","rec, "
72,"webgl-container, 72","div, 72","rec, "
73,"webgl-container, 73","div, 73","rec, "
74,"webgl-container, 74","div, 74","rec, "
75,"webgl-container, 75","div, 75","rec, "
76,"webgl-container, 76","div, 76","rec, "
77,"webgl-container, 77","div, 77","rec, "
78,"webgl-container, 78","div, 78","rec, "
79,"webgl-container, 79","div, 79","rec, "
80,"webgl-container, 80","div, 80","rec, "
81,"webgl-container, 81","div, 81","rec, "
82,"webgl-container, 82","div, 82","rec, "
83,"webgl-container, 83","div, 83","rec, "
84,"webgl-container, 84","div, 84","rec, "
85,"webgl-container, 85","div, 85","rec, "
86,"webgl-container, 86","div, 86","rec, "
87,"webgl-container, 87","div, 87","rec, "
88,"webgl-container, 88","div, 88","rec, "
89,"webgl-container, 89","div, 89","rec, "
90,"webgl-container, 90","div, 90","rec, "
91,"webgl-container, 91","div, 91","rec, "
92,"webgl-container, 92","div, 92","rec, "
93,"webgl-container, 93","div, 93","rec, "
94,"webgl-container, 94","div, 94","rec, "
95,"webgl-container, 95","div, 95","rec, "
96,"webgl-container, 96","div, 96","rec, "
97,"webgl-container, 97","div, 97","rec, "
98,"webgl-container, 98","div, 98","rec, "
99,"webgl-container, 99","div, 99","rec, "
100,"webgl-container, 100","div, 100","rec, "
101,"webgl-container, 101","div, 101","rec, "
102,"webgl-container, 102","div, 102","rec, "
103,"webgl-container, 103","div, 103","rec, "
104,"webgl-container, 104","div, 104","rec, "
105,"webgl-container, 105","div, 105","rec, "
106,"webgl-container, 106","div, 106","rec, "
107,"webgl-container, 107","div, 107","rec, "
108,"webgl-container, 108","div, 108","rec, "
109,"webgl-container, 109","div, 109","rec, "
110,"webgl-container, 110","div, 110","rec, "
111,"webgl-container, 111","div, 111","rec, "
112,"webgl-container, 112","div, 112","rec, "
113,"webgl-container, 113","div, 113","rec, "
114,"webgl-container, 114","div, 114","rec, "
115,"webgl-container, 115","div, 115","rec, "
116,"webgl-container, 116","div, 116","rec, "
117,"webgl-container, 117","div, 117","rec, "
118,"webgl-container, 118","div, 118","rec, "
119,"webgl-container, 119","div, 119","rec, "
120,"webgl-container, 120","div, 120","rec, "
121,"webgl-container, 121","div, 121","rec, "
122,"webgl-container, 122","div, 122","rec, "
123,"webgl-container, 123","div, 123","rec, "
124,"webgl-container, 124","div, 124","rec, "
125,"webgl-container, 125","div, 125","rec, "
126,"webgl-container, 126","div, 126","rec, "
127,"webgl-container, 127","div, 127","rec, "
128,"webgl-container, 128","div, 128","rec, "
129,"webgl-container, 129","div, 129","rec, "
130,"webgl-container, 130","div, 130","rec, "
131,"webgl-container, 131","div, 131","rec, "
132,"webgl-container, 132","div, 132","rec, "
133,"webgl-container, 133","div, 133","rec, "
134,"webgl-container, 134","div, 134","rec, "
135,"webgl-container, 135","div, 135","rec, "
136,"webgl-container, 136","div, 136","rec, "
137,"webgl-container, 137","div, 137","rec, "
138,"webgl-container, 138","div, 138","rec, "
139,"webgl-container, 139","div, 139","rec, "
140,"webgl-container, 140","div, 140","rec, "
141,"webgl-container, 141","div, 141","rec, "
142,"webgl-container, 142","div, 142","rec, "
143,"webgl-container, 143","div, 143","rec, "
